,index,smiles
0,63,Cc1cccc(C)c1OCC(C)N
1,126,O=[N+]([O-])OCC(CO[N+](=O)[O-])(CO[N+](=O)[O-])CO[N+](=O)[O-]
2,485,O=C(O)c1cc(O)c(O)c(O)c1
3,489,CCOCC
4,514,CCC(C)C(CC)C(N)=O
5,822,[H][C@]12CC(CC)=C[C@@]1([H])[C@@](CN)(CC(=O)O)C2
6,1098,N[C@@H](CCC(=O)N[C@@H](CS)C(=O)NCC(=O)O)C(=O)O
7,1533,NCC(=O)O
8,1809,CCC(=O)O
9,1849,C[C@H](NCc1ccc(OCc2cccc(F)c2)cc1)C(N)=O
10,2119,COc1nc(C)nc(Cl)c1NC1=NCCN1
11,2472,Cc1ccc(C(C)C)cc1O
12,2665,N[C@]1(C(=O)O)C[C@@H]([18F])C1
13,2710,C[C@H]1CNCCc2ccc(Cl)cc21
14,3057,CC(C)(CO)[C@@H](O)C(=O)NCCC(=O)O
15,3167,Cc1occc(=O)c1O
16,3259,Cc1c(O)c(=O)ccn1C
17,3288,CC(C)(CCCCOCCCCC(C)(C)C(=O)O)C(=O)O
18,3390,NCCCC[C@H](N)C(=O)O
19,3474,CC(C)C[C@H](N)C(=O)O
20,3702,[H][C@@]12CC[C@H](O)[C@@]1(C)CC[C@]1([H])[C@@]3(C)CCC(=O)C=C3CC[C@@]21[H]
21,3865,O=C(c1ccc(CN2CCOCC2)cc1)N1CCN(C2CC2)CC1
22,4412,C=C(C)[C@H]1CC=C(C)CC1
23,4451,[H][C@]12CN(CC3CC3)C[C@]([H])(CN(CC3CC3)C1)C21CCCC1
24,4900,CC(=O)CCC(=O)O
25,4972,[H][C@]12CC[C@]([H])(C1)[C@](C)(NC)C2(C)C
26,5044,[H][C@@](O)(/C=C/[C@@]1([H])[C@]([H])(O)CC(=O)[C@]1([H])C/C=C\CCCC(=O)O)CCCCC
27,5132,CO[C@@H]1[C@@H](O)[C@@H](O)[C@H](O)[C@H](O)[C@H]1O
28,5585,[H][C@@]12CCCN1C(=O)CNC2=O
29,5814,CN(CCCl)CCCl
30,6230,N[C@]1(C(=O)O)C[C@@H](F)C1
31,6320,C[N+](C)(C)CC(O)CC(=O)[O-]
32,6460,CC(C)(C)NCC(O)c1ccc(O)c(CO)c1
33,6976,O=[N+]([O-])c1nccn1CC(O)CF
34,6990,C[C@](N)(Cc1ccc(O)c(O)c1)C(=O)O
35,7149,C=CC(N)CCC(=O)O
36,7317,N[C@@H](Cc1ccccc1)C(=O)O
37,7472,C#CCN(C)[C@H](C)Cc1ccccc1
38,7629,O=C(O)c1ccc(/C=C/S(=O)(=O)Cc2ccc(Cl)cc2)cc1
39,7875,COc1ccc(C(Cl)=C(c2ccc(OC)cc2)c2ccc(OC)cc2)cc1
40,7880,O=C(O)c1cc(-c2ccc(F)cc2F)ccc1O
41,7948,CC(C(=O)O)c1ccc(CC2CCCC2=O)cc1
42,8041,COc1ccc(C(=O)Nc2ccccc2CCC2CCCCN2C)cc1
43,8054,CCCCCCCCCCCCCCCC(=O)NCCO
44,8270,CN(CC(N)=O)C(=O)N(CCCl)N=O
45,8355,CCCCC/C=C\C/C=C\CCCCCCCC(=O)O
46,8429,CC(C)(N)Cc1ccc(Cl)cc1
47,8455,c1ccc2c(c1)ccc1ccccc12
48,8891,CC(=O)Oc1ccc(C(c2ccc(OC(C)=O)cc2)c2ccccn2)cc1
49,9005,CC(C)(CO)C(O)C(=O)NCCCO
50,9043,C#CCO[C@H]1CN2CCC1CC2
51,9215,CC
52,9342,CC(O)CO
53,9561,COc1ccc(C(=O)c2ccc(C)cc2)c(O)c1
54,9565,C/C=C/C(=O)N(CC)c1ccccc1C
55,10047,CC(C)(C)C(O)/C=C/c1ccc2c(c1)OCO2
56,10095,c1ccc2c(Cc3c[nH]c4ccccc34)c[nH]c2c1
57,10225,N#Cc1cc(-c2n[nH]c(-c3ccncc3)n2)ccn1
58,10597,Nc1ccn([C@H]2CO[C@@H](CO)S2)c(=O)n1
59,10662,CCN(CC)C(=O)N1CCN(C)CC1
60,10849,CCCCCCOC(=O)CCC(=O)CN
61,11122,CC(CN1CC(=O)NC(=O)C1)N1CC(=O)NC(=O)C1
62,11163,O=P(O)(NCCCl)NCCCl
63,11414,CC(N)(Cc1ccc(O)c(O)c1)C(=O)O
64,11824,NC(=O)c1nc(F)cnc1O
65,11912,N=C(N)NCCN1CCCCCCC1
66,12149,CC(C)C[C@H](CN)CC(=O)O
67,12679,[H][C@]12CC[C@@]3(C)[C@@]([H])(CC[C@@]3(O)C#C)[C@]1([H])[C@H](C)CC1=C2CCC(=O)C1
68,12940,O=NO
69,13356,Clc1ccc(C(c2ccccc2Cl)C(Cl)Cl)cc1
70,13487,NC(=O)c1cnccn1
71,13516,C=CCC1(C(C)CCC)C(=O)NC(=O)NC1=O
72,13997,CC(C)(C)NCC(O)COc1cccc2c1C[C@H](O)[C@H](O)C2
73,14093,OC[C@H]1OC(O)[C@@H](O)[C@@H](O)[C@@H]1O
74,14194,NC(=O)OCC(O)COc1ccc(Cl)cc1
75,14452,O=S(O)(O)=S
76,14503,N[C@@H](CO)C(=O)O
77,14513,CN(C)CCN1C(=O)c2cccc3cc(N)cc(c23)C1=O
78,14884,CC(C)Cc1ccc([C@@H](C)C(=O)NS(C)(=O)=O)cc1
79,14890,C#CC1(OC(N)=O)CCCCC1
80,15207,O=c1[nH]cc(F)c(=O)[nH]1
81,15499,NCCCC(N)(C(=O)O)C(F)F
82,15947,NC(=O)CN1CCCC1=O
83,16117,C=CCN=C=S
84,16382,C[S+](C)[O-]
85,16555,c1ccc(CC2=NCCN2)cc1
86,16562,NCCN
87,16563,O=C1O[C@H](CO)[C@@H](O)[C@H](O)[C@H]1O
88,16726,CCC(C)C1(CC)C(=O)NC(=O)NC1=O
89,16804,C#CCN(C)Cc1ccccc1
90,17225,CC(C)OP(=O)(F)OC(C)C
91,17236,CN1CCCC1=O
92,17283,OCCO
93,17537,CC(C)(O)C(Cl)(Cl)Cl
94,17555,CC(C)Cc1ccc([C@@H](C)C(=O)O)cc1
95,17669,CCCC[S+](=N)([O-])CC[C@H](N)C(=O)O
96,17776,O=C(O)CCC(=O)OC[C@@H](NC(=O)C(Cl)Cl)[C@H](O)c1ccc([N+](=O)[O-])cc1
97,17797,[H][C@]12CC[C@]3(C)[C@@H](O)[C@H](O)C[C@@]3([H])[C@]1([H])CCc1cc(O)ccc12
98,17803,CN(CC(=O)O)C(=N)N
99,17854,N=C(N)c1ccc(/C=C/c2ccc(C(=N)N)cc2O)cc1
100,18008,N[C@H](Cc1ccc(N(CCCl)CCCl)cc1)C(=O)O
101,18255,O=[N+]([O-])c1nccn1CC(O)C[18F]
102,18371,[H][C@@]12CC[C@H](O)[C@@]1(C)CC[C@]1([H])[C@@]3([H])CCC(=O)C=C3CC[C@@]21[H]
103,18382,O=C(O)CCCCCCCC(=O)O
104,18674,[H][C@]12OC[C@@H](O[N+](=O)[O-])[C@@]1([H])OC[C@@H]2O[N+](=O)[O-]
105,18689,Nc1nc(OCc2ccccc2)c2nc[nH]c2n1
106,18937,O=C(O)Cn1c2ccccc2c(=O)c2ccccc21
107,18948,OC[C@H]1CNC[C@@H](O)[C@@H]1O
108,19422,Nc1ccc(C(=O)O)cc1
109,19990,[H][C@@]12CC[C@@]3(C)OO[C@@]14[C@@]([H])(CC[C@H]2C)[C@@H](C)[C@@H](OCC)O[C@]4([H])O3
110,20593,CNNCc1ccc(C(=O)NC(C)C)cc1
111,20677,O=C(O)O
112,20918,[H][C@@]12C[C@@H](C)[C@H](C(=O)CO)[C@@]1(C)C[C@H](O)[C@]1(F)[C@@]3(C)C=CC(=O)C=C3[C@@H](F)C[C@@]21[H]
113,20935,CC(C)(Oc1ccc(C(=O)c2ccc(Cl)cc2)cc1)C(=O)O
114,20940,NCCc1ccc(O)c(O)c1
115,21470,Oc1cc(O)c(Cl)cn1
116,21608,CN1CCCC1c1cccnc1
117,21819,CC(N)Cc1ccc2c(c1)OCO2
118,22070,CCCCOc1ccc(C(=O)CCN2CCCCC2)cc1
119,22182,COC(=O)/C=C/C(=O)O
120,22822,CC1(C)CCC(NC(=O)[C@@H](N)CCC(=O)O)CC1
121,23351,[H][C@@]12CCC(=O)[C@@]1(C)CC[C@]1([H])[C@@]3(C)C(C)=CC(=O)C=C3CC[C@@]21[H]
122,23433,O=C(O)[C@@H](O)[C@H](O)C(=O)O
123,23664,O=C(O)CSCC(=O)NC1CCSC1=O
124,24089,OC(CNc1ccccn1)c1ccccc1
125,24304,CN(C)C[C@@H]1CCCC[C@H]1c1cccc(O)c1
126,24349,CCCCC1(CC)C(=O)NC(=O)NC1=O
127,24537,Cc1cc(=O)oc2cc(O)ccc12
128,24825,Nc1ccncc1N
129,24933,CCCCOC(=O)c1ccc(N)cc1
130,25175,OC(CN1CCC(Cc2ccc(F)cc2)CC1)c1ccc(Cl)cc1
131,25512,NCCc1cc[nH]n1
132,25597,CC(C(=O)O)c1cccc(C(=O)c2ccccc2)c1
133,25724,COCCOc1cnc(NS(=O)(=O)c2ccccc2)nc1
134,26165,Nc1cc(-c2ccncc2)c[nH]c1=O
135,26166,CC(=O)NCCCS(=O)(=O)O
136,26310,O=C1N[C@H](C(=O)O)CS1
137,26512,C(COCCOCC1CO1)OCCOCC1CO1
138,26633,CC(c1ccc(Cl)c(Cl)c1)N1N=C(N)CC1=O
139,27135,CC/C=C\C/C=C\C/C=C\C/C=C\C/C=C\CCCCCC(=O)O
140,27205,O=C(O)CCCCCCCNC(=O)c1ccccc1O
141,27430,[H][C@@]12CCCCN1C[C@@]1([H])C[C@]2([H])CN2CCCC[C@@]21[H]
142,27478,NCCCCC(=O)O
143,27753,NCCS
144,27879,Oc1ccccc1
145,28037,Cl[C@H]1[C@H](Cl)[C@@H](Cl)[C@@H](Cl)[C@H](Cl)[C@H]1Cl
146,28065,CCCCNCC(O)c1ccc(O)cc1
147,28402,[H][C@@]12CC[C@@](O)(CC)[C@@]1(C)CC[C@]1([H])[C@@]3([H])CCC(=O)C=C3CC[C@@]21[H]
148,28439,c1ccc(-c2ccc(C(c3ccccc3)n3ccnc3)cc2)cc1
149,28443,N[C@@H](CC(=O)O)C(=O)O
150,28928,O=C(O)CC(O)(CC(=O)O)C(=O)O
151,29172,NC(=O)NC(=O)Cc1ccccc1
152,29186,O=C(Nc1ccc(O)cc1)c1ccccc1O
153,29211,N=C(N)NCc1cccc(I)c1
154,29346,O=C(CBr)N1CC([N+](=O)[O-])([N+](=O)[O-])C1
155,29427,CCN(CC)CCOc1ccc2nc(N(C)C)sc2c1
156,30136,C#CCOc1ccc(/C=C/C(=O)Nc2ccccc2C(=O)O)cc1OC
157,30145,CCCC(C)C1(CC)C(=O)NC(=S)NC1=O
158,30173,CCOC(=O)[C@@H](N)Cc1ccc(O)c(O)c1
159,30634,CN(C)c1nc(N(C)C)nc(N(C)C)n1
160,31070,Cc1c(N)cccc1Cn1ccc(OCCc2cccs2)cc1=O
161,31555,OCC(S)CS
162,32420,N=C1NC(=O)N2CC12
163,32975,O=C(O)P(=O)(O)O
164,33375,[H][C@]12C[C@@H](O)[C@H](/C=C/[C@@H](O)CCCCC)[C@@]1([H])C/C(=C/CCCC(=O)O)O2
165,33734,OC[C@H]1O[C@](O)(CO)[C@@H](O)[C@@H]1O[C@@H]1O[C@H](CO)[C@H](O)[C@H](O)[C@H]1O
166,33835,O=C(O)[C@H](S)[C@H](S)C(=O)O
167,34026,FC(F)(F)C(Cl)Br
168,34124,O=C1N[C@H](O)CCN1[C@@H]1O[C@H](CO)[C@@H](O)[C@H]1O
169,34148,O=S(=O)(O)Oc1ccc(C(c2ccc(OS(=O)(=O)O)cc2)c2ccccn2)cc1
170,34199,CC(NN)c1ccccc1
171,34238,N=C(N)NCC1COC2(CCCCC2)O1
172,34306,CC(N)Cc1ccccc1
173,34550,COc1ccc(/C=C\c2cc(OC)c(OC)c(OC)c2)c(O)c1O
174,34791,NC[C@@H](F)C[PH](=O)O
175,34935,[O-][n+]1ccc(O)c(O)c1-c1c(O)c(O)cc[n+]1[O-]
176,34976,Nc1ccc(S(=O)(=O)Nc2ncccn2)cc1
177,35057,C[C@H](N)Cc1ccccc1
178,35272,CN(C)CCOC(c1ccccc1)c1ccc(Br)cc1
179,35451,C[N+](C)(C)C[C@H](O)CC(=O)[O-]
180,35530,CC(=O)NC(CCC(=O)O)C(=O)O
181,35845,CCC(C)SSc1ncc[nH]1
182,35916,[H][C@@]12C=C(CO)[C@@H](O)[C@]3(O)[C@@H](O)C(C)=C[C@@]3(C1=O)[C@H](C)C[C@@]1([H])C(C)(C)[C@@]21[H]
183,35995,CCCCCCc1ccc(O)cc1O
184,36147,[H][C@@]12C[C@@H](C)[C@](C)(C(=O)CC)[C@@]1(C)C[C@H](O)[C@@]1([H])[C@@]2([H])CCC2=CC(=O)C=C[C@@]21C
185,36153,[H][C@@]12CCC(O)(C#C)[C@@]1(CC)CC[C@]1([H])[C@@]3([H])CCC(=O)C=C3CC[C@@]21[H]
186,36213,O=C(O)/C=C\c1c[nH]cn1
187,36246,O=S1(=O)CCN(CN2CCS(=O)(=O)NC2)CN1
188,36487,O=C(O)C(O)c1ccccc1
189,37123,O=S(=O)(O)CC(S)CS
190,37222,CCC(C(=O)NC(N)=O)c1ccccc1
191,37235,Nc1ccc(S(=O)(=O)c2ccc(N)cc2)cc1
192,37742,[H][C@@]12CC[C@@](C)(C(=O)C1)C2(C)C
193,37937,O=C(NCCNCC(O)COc1ccc(O)cc1)N1CCOCC1
194,38075,O=c1cc(-c2ccc(O)c(O)c2)oc2cc(O)cc(O)c12
195,38140,CC(C)Cc1ccc(C(C)C(=O)O)cc1
196,38247,[H][C@@]12CC[C@@](O)(C#C)[C@@]1(CC)CC[C@]1([H])[C@@]3([H])CC/C(=N\O)C=C3CC[C@@]21[H]
197,38471,CC(=O)O[C@H](CC(=O)[O-])C[N+](C)(C)C
198,38481,C[C@@H](CN1CC(=O)NC(=O)C1)N1CC(=O)NC(=O)C1
199,38833,CCC1(CC)C(=O)NC(=O)N(C)C1=O
200,39083,Oc1c(Cl)cc(Cl)c2cccnc12
201,39288,[H][C@@]12CC[C@@](C)([C@@H](O)C1)C2(C)C
202,39555,CC1NCCOC1c1ccccc1
203,39607,C1CCCCC1
204,39761,COc1cc(NS(C)(=O)=O)ccc1Nc1c2ccccc2nc2ccccc12
205,39840,CC[C@@H](CO)NCCN[C@@H](CC)CO
206,39960,Clc1ccc(C(c2ccc(Cl)cc2)C(Cl)(Cl)Cl)cc1
207,39967,C[C@H]1CC(CN)(CC(=O)O)C[C@@H]1C
208,40258,[H][C@]12CCC(=C)[C@@H](CCC3=CCOC3=O)[C@]1(C)CC[C@@H](O)[C@@]2(C)CO
209,40581,COc1ccc(C(=O)c2ccccc2)c(O)c1
210,40725,CC12CCC(CC1)C(C)(C)O2
211,40748,[H][C@@]12CC[C@](C)(O)[C@@]1(C)CC[C@]1([H])[C@@]3(C)C=CC(=O)C=C3CC[C@@]21[H]
212,40915,CC(C)(C#N)c1cc(Cn2cncn2)cc(C(C)(C)C#N)c1
213,40941,NCCNCCNCCN
214,41150,CCCCCC[C@@H](CCC)C(=O)O
215,41320,CCc1ccc(C(=O)C(C)CN2CCCCC2)cc1
216,41382,[H][C@@]12CC[C@@](O)(C#C)[C@@]1(CC)CC(=C)[C@@]1([H])[C@@]2([H])CCC2=CCCC[C@@]21[H]
217,41409,CC1=C(/C=C/C(C)=C/C=C/C(C)=C/CO)C(C)(C)CCC1
218,41771,N#C[C@@H]1CCCN1C(=O)CNC12CC3CC(CC(O)(C3)C1)C2
219,42140,CCNCC
220,42238,On1ccccc1=S
221,42255,CN(C)CCO
222,42658,OCCOc1ccccc1
223,42707,O=C(O)c1ccccc1
224,42860,C#CC(C)(O)CC
225,42935,ClC(Cl)Cl
226,42993,O=C(O)COCCN1CCN(C(c2ccccc2)c2ccc(Cl)cc2)CC1
227,43010,OC(O)C(Cl)(Cl)Cl
228,43221,CCO
229,43225,COP(=O)(OC)C(O)C(Cl)(Cl)Cl
230,43253,CC(Cl)(Cl)Cl
231,43282,C=O
232,43317,C=CCC1(CC(C)C)C(=O)NC(=O)NC1=O
233,43651,CC(C)(C)NCC(O)c1cc(Cl)c(N)c(Cl)c1
234,43924,CN(C)CC(Oc1ccccc1)Oc1ccccc1
235,43941,OC[C@H]1O[C@H](O)[C@H]([18F])[C@@H](O)[C@@H]1O
236,44111,CC1CCC(C(C)C)C(O)C1
237,44126,FC(F)(F)C(F)(F)C(F)(F)C(F)(F)F
238,44437,NC(=O)NO
239,44713,O=S(=O)(O)CCS
240,44984,CC(C)NCC(O)c1ccc(NS(C)(=O)=O)cc1
241,45186,NCc1ccccc1O
242,45413,[H][C@@]12CC[C@@]3([H])[C@]4([H])CC[C@](C)(O)[C@@]4(C)CC[C@]3([H])[C@@]1(C)C/C(=C/O)C(=O)C2
243,45445,CCCCC(CC)CCC(CC(C)C)OS(=O)(=O)O
244,45574,C(=C/c1ccccc1)\CN1CCN(C(c2ccccc2)c2ccccc2)CC1
245,45690,O=C(O)c1cc(/N=N/c2ccc(O)c(C(=O)O)c2)ccc1O
246,45713,COc1cc(/C=C/c2ccc(O)cc2)cc(OC)c1
247,45726,CC(=O)O
248,45873,NCCCS(=O)(=O)O
249,46144,CN1CCCN=C1/C=C/c1cccs1
250,46182,C1CNCCN1
251,46250,CC(=O)Oc1ccccc1C(=O)O
252,46763,Cc1cc(O)cc(C)c1Cl
253,46874,N[C@@H](Cc1ccc(N(CCCl)CCCl)cc1)C(=O)O
254,46909,OCC1OC(O)CC(O)C1O
255,46922,OC1OC[C@@H](O)[C@H](O)[C@H]1O
256,46952,CN(C)CC/C=C1/c2ccccc2Sc2ccc(Cl)cc21
257,47179,NC(=O)N/N=C1\C=Cc2ccccc2C1=O
258,47309,CC(C)[C@@H]1CC[C@@H](C)C[C@H]1O
259,47472,O=P(O)(O)OCC(Cl)(Cl)Cl
260,48295,CCCC[C@H](N)C(=O)O
261,48310,CC(=O)N[C@@H](CC(C)C)C(=O)O
262,48531,O=C(CO)CO
263,48682,Cc1ccc(=O)n(-c2ccccc2)c1
264,48865,Cc1ccc(C(C)C)c(O)c1
265,49101,N[C@@H]1CC[C@@H](c2ccc(Cl)c(Cl)c2)c2ccccc21
266,49306,Oc1ccc(/C=C/c2cc(O)cc(O)c2)cc1
267,49429,CCCNC(=O)NS(=O)(=O)c1ccc(Cl)cc1
268,49505,NC12CC3CC(CC(C3)C1)C2
269,50224,CC(C)Nc1ncccn1
270,50279,OC[C@H]1NC[C@H](O)[C@@H](O)[C@H]1O
271,50436,[H][C@]12OC[C@@H](O[N+](=O)[O-])[C@@]1([H])OC[C@@H]2O
272,50572,c1ccc2nc3ccccc3cc2c1
273,50618,O=P(O)(O)C(Sc1ccc(Cl)cc1)P(=O)(O)O
274,50770,CC(C)(C)c1ccc(Oc2ccc(N)cn2)cc1
275,50775,C=CCC1(C(C)CC)C(=O)NC(=O)NC1=O
276,50806,CNC1(C)C2CCC(C2)C1(C)C
277,50889,COc1ccc(OC(C)C(=O)O)cc1
278,51342,CS(=O)(=O)OCCCCOS(C)(=O)=O
279,51509,COC(=O)c1cccnc1
280,51590,OCCNCCO
281,52396,[H][C@@]12CC[C@@](O)(C#C)[C@@]1(CC)CC[C@]1([H])[C@@]3([H])CCC(=O)C=C3CC[C@@]21[H]
282,52416,Oc1cc(O)cc(O)c1
283,52802,COC(=O)CCc1ccc(OCC(O)CNC(C)C)cc1
284,52957,Cc1ncc([N+](=O)[O-])n1CCO
285,53056,Nc1nc(N)nc(-c2cc(Cl)ccc2Cl)n1
286,53225,CCOC(=O)[C@H](CCc1ccccc1)N[C@@H](C)C(=O)N1CCC[C@H]1C(=O)O
287,53318,O=C(O)c1ccccc1Nc1cccc(C(F)(F)F)c1
288,53819,c1ccc2[nH]c(-c3cscn3)nc2c1
289,54028,OCCN(CCO)CCO
290,54127,CC(N/C(=N\C#N)Nc1ccncc1)C(C)(C)C
291,54150,C[C@@H](O)[C@H](N)C(=O)O
292,54236,O=C1CN2C(=O)CCC2N1
293,54413,NC(=O)NC1NC(=O)NC1=O
294,54488,N[C@H](CO)C(=O)O
295,54497,O=C(OOC(=O)c1ccccc1)c1ccccc1
296,54771,Sc1ncnc2nc[nH]c12
297,55238,NC(=O)c1ccc(I)c([N+](=O)[O-])c1
298,55273,CCN(CC)C(=O)C1(c2ccccc2)CC1CN
299,55430,CC1=CCC2CC1C2(C)C
300,55610,O[C@H]1[C@H](O)[C@@H](O)[C@H](O)[C@@H](O)[C@H]1O
301,55668,N[C@H](CC(=O)O)C(=O)O
302,55753,O=C(NO)c1cnc(N2CCN(S(=O)(=O)c3ccc4ccccc4c3)CC2)nc1
303,55857,c1cncnc1
304,56076,Oc1nc(O)c2nc(O)[nH]c2n1
305,56099,Cc1ncsc1CCCl
306,56128,C[C@H](CS)C(=O)N1CCC[C@H]1C(=O)O
307,56159,NNCCc1ccccc1
308,56348,CC(C)NC(=N)NC(=N)Nc1ccc(Cl)c(Cl)c1
309,56476,CN1CCC[C@H]1c1cccnc1
310,56952,CCC1(C)CC(=O)NC1=O
311,57109,NC(=O)OCC(COC(N)=O)c1ccccc1
312,57361,Nc1ccc2cc3ccc(N)cc3nc2c1
313,57809,CON
314,58058,CCCCN1C[C@H](O)[C@@H](O)[C@H](O)[C@H]1CO
315,58300,CC(C)(CCCCCC(O)CCCCCC(C)(C)C(=O)O)C(=O)O
316,58617,CC(C)NNC(=O)c1ccncc1
317,58846,N[C@@H](CN(O)N=O)C(=O)O
318,58856,CC(COc1ccccc1)N(CCCl)Cc1ccccc1
319,58946,N=C(N)NCc1cccc(F)c1
320,59317,CCCCCCCCO
321,59374,C[C@]12CCC3C(C(=O)C=C4C[C@@H](O)CC[C@@]43C)C1CCC2=O
322,59435,C=C
323,59519,C=CCOc1ccc(CC(=O)O)cc1Cl
324,59864,CSCC[C@H](N)C(=O)O
325,60022,O=C1CC[C@@H](C(=O)O)N1
326,60224,CCN(CC)CCc1nc(-c2ccccc2)no1
327,60302,O=C(O)[C@H](O)[C@@H](O)C(=O)O
328,60549,CNC(=C[N+](=O)[O-])NCCSCc1csc(CN(C)C)n1
329,61020,C#CCN[C@@H]1CCc2ccccc21
330,61049,O=C(O)CN(CCN(CC(=O)O)CC(=O)O)CCN(CC(=O)O)CC(=O)O
331,61196,c1cc[nH]c1
332,61222,CCN(CC)C(=O)COC(=O)/C=C/C(=O)OC
333,61313,C=CCl
334,61426,NC(=O)[C@@H]1CC[C@H](c2ccc(OCc3ccccc3F)cc2)N1
335,61541,CC1(O)CCC(C(C)(C)O)CC1
336,61593,O=c1ccc2cc3ccoc3cc2o1
337,61700,CCCl
338,61971,OC[C@H]1O[C@@H](O)[C@H](O)[C@@H](O)[C@@H]1O[C@@H]1O[C@H](CO)[C@H](O)[C@H](O)[C@H]1O
339,62049,[H][C@@]12CCC(=O)[C@@]1(C)CC[C@]1([H])[C@@]3(C)CC[C@H](O)CC3=CC[C@@]21[H]
340,62396,CCCCN1C[C@H](O)[C@@H](O)[C@@H](O)[C@H]1CO
341,62599,C[N+](C)(C)CCOP(=O)([O-])OC[C@H](O)CO
342,62795,CC(N)C(O)c1ccccc1
343,62814,Oc1ccc(CCCCNC[C@H](O)c2ccc(O)c(O)c2)cc1
344,62829,CC(CN(C)C)C(C)(O)Cc1ccc(Cl)cc1
345,62892,Oc1cc(Cc2ccccc2)nc(S)n1
346,63309,[H][C@@]12CC[C@H](C(C)=O)[C@@]1(C)CC[C@@]1([H])[C@]3(C)CCC(=O)C=C3C=C[C@@]21[H]
347,63423,CCCCCCCCC(=O)NCc1ccc(O)c(OC)c1
348,63566,CN[C@H](C)CCC=C(C)C
349,63650,O=C(O)/C=C/c1ccc(O)c(O)c1
350,63880,CC(C)O
351,64031,OCl
352,64089,C(=N/NC1=NCCN1)\c1c2ccccc2c(/C=N/NC2=NCCN2)c2ccccc12
353,64127,CCN(CC)C(=S)SSC(=S)N(CC)CC
354,64210,NCCC(=O)NCCSSCCNC(=O)CCN
355,64221,N[C@H]1C[C@@H](C(=O)O)CC1=C(F)F
356,64349,CN1Cc2c(N)cccc2C(c2ccccc2)C1
357,64576,CN(C)CCc1c[nH]c2ccccc12
358,64686,O=C=O
359,64749,OC[C@H]1O[C@H](O[C@H]2O[C@H](CO)[C@@H](O)[C@H](O)[C@H]2O)[C@H](O)[C@@H](O)[C@@H]1O
360,64886,N[C@@H](CS)C(=O)O
361,64947,N[C@@H](CSSC[C@H](N)C(=O)O)C(=O)O
362,65057,OC[C@H]1NC[C@H](O)[C@@H](O)[C@@H]1O
363,65145,CN1CCCC1c1cccnc1
364,65232,CC(C)(O)C(Cl)(Cl)Cl
365,65256,C#Cc1cccc(Nc2ncnc3cc(OCCOC)c(OCCOC)cc23)c1
366,65264,Cc1nnc(C(=O)NC(C)(C)c2nc(C(=O)NCc3ccc(F)cc3)c(O)c(=O)n2C)o1
367,65276,O=C1N[C@H](C(=O)O)CS1
368,65512,CNC1(c2ccccc2Cl)CCCCC1=O
369,65644,Cc1ccc(O)c([C@H](CCN(C(C)C)C(C)C)c2ccccc2)c1
370,65670,CC(=O)[C@H]1CC[C@H]2[C@@H]3CC=C4C[C@@H](O)CC[C@]4(C)[C@H]3CC[C@]12C
371,65723,CN1CC[C@]23c4c5ccc(O)c4O[C@H]2C(=O)CC[C@@]3(O)[C@H]1C5
372,65889,Nc1nc(=O)[nH]cc1F
373,65907,CCCN[C@H]1CCc2nc(N)sc2C1
374,65987,O=P(O)(O)C(O)(Cc1cccnc1)P(=O)(O)O
375,66008,Nc1cccc2c1CN(C1CCC(=O)NC1=O)C2=O
376,66056,Nc1cccc2c1C(=O)N(C1CCC(=O)NC1=O)C2=O
377,66113,COc1cc(C(C)=O)ccc1O
378,66137,C[C@]12CC[C@@H]3c4ccc(O)cc4CC[C@H]3[C@@H]1CCC2=O
379,66235,c1cnccn1
380,66297,CC1OC(C)OC(C)O1
381,66313,COC1=C(C)C(=O)C2=C(C1=O)[C@@H](COC(N)=O)[C@@]1(OC)[C@H]3N[C@H]3CN21
382,66381,NCCc1c[nH]c2ccc(O)cc12
383,66390,O=C(O)CCCCC1CCSS1
384,66405,O=C1O[C@H](CO)[C@@H](O)[C@H](O)[C@H]1O
385,66438,CC1=C(/C=C/C(C)=C/C=C/C(C)=C/C(=O)O)C(C)(C)CCC1
386,66504,O=C(O)c1cc(O)c(O)c(O)c1
387,66528,Cc1cc(=O)oc2cc(O)ccc12
388,66590,C[C@]12CC[C@H](O)CC1=CC[C@@H]1[C@@H]2CC[C@]2(C)C(=O)CC[C@@H]12
389,66616,Nc1ccn([C@@H]2O[C@H](CO)[C@@H](O)[C@H]2O)c(=O)n1
390,66650,Oc1cccc(O)c1O
391,66702,CC(C)(S)[C@@H](N)C(=O)O
392,66743,CN(CCOc1ccc(CC2SC(=O)NC2=O)cc1)c1ccccn1
393,66758,O=C(O)/C=C/c1ccc(O)c(O)c1
394,66799,ClC=C(Cl)Cl
395,66838,NCc1ccc(S(N)(=O)=O)cc1
396,66880,O=C1OC(c2ccc(O)cc2)(c2ccc(O)cc2)c2ccccc21
397,66954,COc1ccc2[nH]c([S+]([O-])Cc3ncc(C)c(OC)c3C)nc2c1
398,66955,O=C(O)CCCC[C@@H]1SC[C@@H]2NC(=O)N[C@H]12
399,66968,O[C@@H]1CO[C@@H]2[C@@H](O)CO[C@H]12
400,67001,[H]O[H]
401,67031,COC(=O)[C@H](c1ccccc1Cl)N1CCc2sccc2C1
402,67109,CN[C@H]1CC[C@@H](c2ccc(Cl)c(Cl)c2)c2ccccc21
403,67178,NNc1nncc2ccccc12
404,67294,CCc1ccc(CCOc2ccc(CC3SC(=O)NC3=O)cc2)nc1
405,67414,CCCN(CCC)S(=O)(=O)c1ccc(C(=O)O)cc1
406,67456,CCN(CC)CCNC(=O)c1cc(Cl)c(N)cc1OC
407,67637,C[C@H](Cn1cnc2c(N)ncnc21)OCP(=O)(O)O
408,67638,[H]C1([H])NC([H])([H])C([H])([H])NC1([H])[H]
409,67745,CC(O)(P(=O)(O)O)P(=O)(O)O
410,67961,Nc1nc2c(ncn2COC(CO)CO)c(=O)[nH]1
411,68144,CC1(C)[C@H](C(=O)O)N2C(=O)C[C@H]2S1(=O)=O
412,68182,N[C@@H](Cc1ccc(N(CCCl)CCCl)cc1)C(=O)O
413,68287,CCCCOC(=O)c1ccc(N)cc1
414,68367,C[C@]12C(=O)OC(=O)[C@@]1(C)[C@@H]1CC[C@H]2O1
415,68492,CCN(CC)CCNc1ccc2ncn3c4ccc(O)cc4c(=O)c1c23
416,68511,CCn1cc(C(=O)O)c(=O)c2ccc(C)nc21
417,68563,CC1=C(C(=O)O)N2C(=O)[C@@H](NC(=O)[C@H](N)c3ccccc3)[C@H]2SC1
418,68612,CC1(C)NC(=O)N(c2ccc([N+](=O)[O-])c(C(F)(F)F)c2)C1=O
419,68642,COc1cc2c(cc1OC)C1CC(=O)C(CC(C)C)CN1CC2
420,68802,COC(=O)[C@@H]1[C@H]2CC[C@@H](C[C@@H]1OC(=O)c1ccccc1)N2C
421,68827,CCS(=O)(=O)N1CC(CC#N)(n2cc(-c3ncnc4[nH]ccc34)cn2)C1
422,69119,O=[N+]([O-])c1cn2c(n1)OC[C@@H](OCc1ccc(OC(F)(F)F)cc1)C2
423,69159,CCC(=O)N(c1ccccc1)C1(COC)CCN(CCc2cccs2)CC1
424,69171,O=C(O)c1ccc(-n2nc(-c3ccccc3O)nc2-c2ccccc2O)cc1
425,69203,C=CCN1CC[C@]23c4c5ccc(O)c4O[C@H]2C(=O)CC[C@@]3(O)[C@H]1C5
426,69339,COc1ccc2c(c1OC)C(=O)O[C@@H]2[C@H]1c2c(cc3c(c2OC)OCO3)CCN1C
427,69353,CC[C@@]1(O)C(=O)OCc2c1cc1n(c2=O)Cc2cc3cc(O)ccc3nc2-1
428,69388,COC(=O)/C=C/C(=O)OC
429,69469,CC(C)c1nc2c([nH]1)C(=O)C(=O)c1ccccc1-2
430,69526,CC(O)CC(=O)O
431,69779,O=C(c1ccccc1)c1ccc2n1CCC2C(=O)O
432,70023,Nc1ccc(/N=N/c2ccccc2)c(N)n1
433,70128,CN1CCC(C(=O)c2cccc(NC(=O)c3c(F)cc(F)cc3F)n2)CC1
434,70185,O=C(O)c1ccccc1Nc1cccc(C(F)(F)F)c1
435,70407,CCOC(=O)C1=C[C@@H](OC(CC)CC)[C@H](NC(C)=O)[C@@H](N)C1
436,70408,N[C@@H](Cc1c[nH]c2ccc(O)cc12)C(=O)O
437,70515,C[C@]12CCC(=O)C=C1CC[C@@H]1[C@@H]2CC[C@]2(C)[C@@H](O)CC[C@@H]12
438,70521,OC[C@H]1O[C@H](O[C@@H]2[C@@H](CO)O[C@@H](O)[C@H](O)[C@H]2O)[C@H](O)[C@@H](O)[C@@H]1O
439,70585,O=C(O)[C@H]1/C(=C/CO)O[C@@H]2CC(=O)N12
440,70602,COc1cc([C@@H]2c3cc4c(cc3[C@H](O)[C@H]3COC(=O)[C@@H]32)OCO4)cc(OC)c1OC
441,70790,C#CCN(C)Cc1ccccc1
442,70814,OCCOCCN1CCN(C2=Nc3ccccc3Sc3ccccc32)CC1
443,71009,CC(=O)NS(=O)(=O)c1ccc(N)cc1
444,71031,CC[C@@H](C(N)=O)N1CCCC1=O
445,71055,N[C@@H](C(=O)N[C@@H]1C(=O)N2C(C(=O)O)=C(Cl)CC[C@H]12)c1ccccc1
446,71172,Cc1cn([C@H]2C=C[C@@H](CO)O2)c(=O)[nH]c1=O
447,71326,C[C@]12CC[C@H]3[C@@H](CC=C4C[C@@H](O)CC[C@@]43C)[C@@H]1CCC2=O
448,71388,Nc1ccccc1C(=O)C[C@H](N)C(=O)O
449,71508,CC(N)Cc1ccc(O)cc1
450,71779,Cc1cccc(Nc2ccccc2C(=O)O)c1C
451,71843,Cc1c(N[C@@H](c2nnc(-c3ccc(C#N)cc3)o2)[C@H](C)O)ccc(C#N)c1Cl
452,72004,COc1cc(CCN)cc(OC)c1OC
453,72187,Nc1ncn([C@@H]2O[C@H](CO)[C@@H](O)[C@H]2O)c(=O)n1
454,72405,CCc1cc2c(s1)N(C)C(=O)CN=C2c1ccccc1Cl
455,72492,O=C(O)[C@H]1CCCN1C(=O)CCCCC(=O)N1CCC[C@@H]1C(=O)O
456,72517,C[C@]12CC[C@@H]3[C@H]4CCC(=O)C=C4CC[C@H]3[C@@H]1CC[C@@H]2O
457,72593,CC(=O)OCC(CCn1cnc2cnc(N)nc21)COC(C)=O
458,72803,CC1=C(C(=O)O)N2C(=O)[C@@H](NC(=O)[C@H](N)C3=CCC=CC3)[C@H]2SC1
459,72843,N#CCNC(=O)CNc1ccc(C(=O)O)cc1
460,72868,CCCCN1CCCCC1C(=O)Nc1c(C)cccc1C
461,73040,CCC1(CC)C(=O)NC(=O)NC1=O
462,73116,COC(=O)c1ccc(-c2ccc(C(=O)OC)cc2)cc1
463,73262,N#C[C@@]1(c2ccc3c(N)ncnn23)O[C@H](CO)[C@@H](O)[C@H]1O
464,73270,Nc1nc(NC2CC2)c2ncn([C@H]3C=C[C@@H](CO)C3)c2n1
465,73447,C[C@]12CC[C@@H]3c4ccc(O)cc4CC[C@H]3[C@@H]1C[C@@H](O)[C@@H]2O
466,73584,COc1cc(/C=C/C(=O)/C=C(O)/C=C/c2ccc(O)c(OC)c2)ccc1O
467,73978,Cc1cccc(C)c1OCC(C)N
468,74073,CC(=O)CCCCn1c(=O)c2c(ncn2C)n(C)c1=O
469,74203,CNC(=O)Oc1cccc2ccccc12
470,74306,NC[C@H]1CC[C@H](C(=O)O)CC1
471,74689,Cl/C=C(/Cl)Cl
472,74791,CC(C)Cc1ccc([C@@H](C)C(=O)O)cc1
473,74835,CC(C)OC(=O)C(C)(C)Oc1ccc(C(=O)c2ccc(Cl)cc2)cc1
474,74856,Nc1ccc(S(=O)(=O)Nc2ccccn2)cc1
475,75324,OC[C@H]1OC(O)[C@H](O)[C@@H](O)[C@H]1O
476,75370,C/C=C(C(=C/C)/c1ccc(O)cc1)\c1ccc(O)cc1
477,75468,c1cnc2cc3c(cc2n1)C1CNCC3C1
478,75569,O=c1[nH]c(=O)n(C2CCCO2)cc1F
479,75830,C[C@]12CCC(=O)C=C1CC[C@H]1[C@@H]3CC[C@H](O)[C@@]3(C)CC[C@@H]12
480,75846,NS(=O)(=O)c1cc2c(cc1Cl)N=CNS2(=O)=O
481,76024,CN[C@@H](C)Cc1ccccc1
482,76138,O=C1c2c(O)cccc2Cc2cccc(O)c21
483,76188,CC(=O)O[C@H](CC(=O)[O-])C[N+](C)(C)C
484,76639,CNC(=O)Oc1ccc2c(c1)[C@]1(C)CCN(C)[C@@H]1N2C
485,76663,Cn1cc(C[C@@H](N)C(=O)O)c2ccccc21
486,76667,CCOc1ccc2nc(S(N)(=O)=O)sc2c1
487,76702,C[C@@H](C(=O)O)c1ccc(-c2ccccc2)c(F)c1
488,76799,COCCCOc1ccnc(C[S+]([O-])c2nc3ccccc3[nH]2)c1C
489,76841,CNC(=O)c1cc(Oc2ccc(NC(=O)Nc3ccc(Cl)c(C(F)(F)F)c3)cc2)ccn1
490,77046,O=c1c(O)c(-c2ccc(O)c(O)c2)oc2cc(O)cc(O)c12
491,77296,COC(=O)C(c1ccccc1)C1CCCCN1
492,77411,Cc1ccc(-c2nc3ccc(C)cn3c2CC(=O)N(C)C)cc1
493,77436,CCCCC(CC)COC(=O)C=Cc1ccc(OC)cc1
494,77465,CNC[C@H](O)c1cccc(O)c1
495,77481,Nc1ccc2cc3ccc(N)cc3nc2c1
496,77586,CC(C)(C)NCC(O)c1ccc(O)c(CO)c1
497,77689,Clc1ccc(Nc2nnc(Cc3ccncc3)c3ccccc23)cc1
498,77745,c1ccc2nc3ccccc3cc2c1
499,77793,COc1ncc(C)c(-c2ccc3c(c2)[nH]c(=O)c2cnn([C@H]4CCOC4)c23)c1C
500,78126,COc1cc(/C=C/c2ccc(O)cc2)cc(OC)c1
501,78275,COc1ccc(-c2coc3cc(O)ccc3c2=O)cc1
502,78330,O=C(O)c1nn(Cc2ccc(Cl)cc2Cl)c2ccccc12
503,78368,O=C(Nc1c(Cl)cncc1Cl)c1ccc(OC(F)F)c(OCC2CC2)c1
504,78777,CCOC(=O)c1ncn2c1CN(C)C(=O)c1cc(F)ccc1-2
505,78901,CNC[C@H](O)c1ccc(O)c(O)c1
506,78947,CNS(=O)(=O)Cc1ccc2[nH]cc(CCN(C)C)c2c1
507,79085,Cc1c(C(=O)NN2CCCCC2)nn(-c2ccc(Cl)cc2Cl)c1-c1ccc(Cl)cc1
508,79406,COc1cccc(C2(O)CCCCC2CN(C)C)c1
509,79416,CCCCC[C@H](O)/C=C/[C@H]1[C@H](O)CC(=O)[C@@H]1CCCCCCC(=O)O
510,79450,O=[N+]([O-])OCC(CO[N+](=O)[O-])(CO[N+](=O)[O-])CO[N+](=O)[O-]
511,79721,CC(C)NCC(O)COc1ccc(CC(N)=O)cc1
512,79784,C[C@@H](NCCCc1cccc(C(F)(F)F)c1)c1cccc2ccccc12
513,79806,CNCc1ccc(-c2[nH]c3cc(F)cc4c3c2CCNC4=O)cc1
514,80129,COc1ccc(C2CNC(=O)C2)cc1OC1CCCC1
515,80180,CNC1(C)C2CCC(C2)C1(C)C
516,80241,O=C(O)COCCN1CCN([C@H](c2ccccc2)c2ccc(Cl)cc2)CC1
517,80305,C[C@@](Cc1ccc(O)c(O)c1)(NN)C(=O)O
518,80414,O=C(NC[C@H]1CN(c2ccc(N3CCOCC3=O)cc2)C(=O)O1)c1ccc(Cl)s1
519,80458,OCC(S)CS
520,80593,CCCCCCCCCCC(=O)O
521,80640,c1ccc2c(c1)ccc1ccccc12
522,80653,Cc1cnc(C(=O)O)c[n+]1[O-]
523,80685,C[C@H]1C(S[C@@H]2CN[C@H](C(=O)N(C)C)C2)=C(C(=O)O)N2C(=O)[C@H]([C@@H](C)O)[C@@H]12
524,80904,COc1ccc(CN2CCNCC2)c(OC)c1OC
525,80935,Oc1ncnc2[nH]ncc12
526,80973,CC12CC3CC(C)(C1)CC(N)(C3)C2
527,80975,C=C(C)[C@@H]1CC=C(CO)CC1
528,81139,CO[C@@]12[C@H](COC(N)=O)C3=C(C(=O)C(C)=C(N)C3=O)N1C[C@@H]1N[C@@H]12
529,81167,COc1cc2c(c(OC)c1OC)-c1ccc(OC)c(=O)cc1[C@@H](NC(C)=O)CC2
530,81280,COc1cc(O)c(CC=C(C)C)c(O)c1C(=O)/C=C/c1ccc(O)cc1
531,81419,C#CC(C)(O)CC
532,81427,CC(C)(CO)[C@@H](O)C(=O)NCCC(=O)O
533,81618,CC(C)Cn1cnc2c(N)nc3cccnc3c21
534,81706,CCN(CC)CC(=O)Nc1c(C)cccc1C
535,81852,Cc1nccn1CC1CCc2c(c3ccccc3n2C)C1=O
536,81947,C[C@@H](Oc1cc(-c2cnn(C3CCNCC3)c2)cnc1N)c1c(Cl)ccc(F)c1Cl
537,82039,C[C@]12CCC(=O)C=C1CC[C@@H]1[C@@H]2[C@@H](O)C[C@@]2(C)[C@H]1CC[C@]2(O)C(=O)CO
538,82235,O=C1CN=C(c2ccccn2)c2cc(Br)ccc2N1
539,82428,COC1=C(OC)C(=O)C(CCCCCCCCCCO)=C(C)C1=O
540,82455,NCCCC(N)(C(=O)O)C(F)F
541,82593,O=C(O[C@@H]1Cc2c(O)cc(O)cc2O[C@@H]1c1cc(O)c(O)c(O)c1)c1cc(O)c(O)c(O)c1
542,82777,CC(=O)Nc1nnc(S(N)(=O)=O)s1
543,82900,CCOC(=O)[C@H](CCc1ccccc1)N[C@@H](C)C(=O)N1CCC[C@H]1C(=O)O
544,83052,O=C(Nc1ccc(Br)cc1)c1cc(Br)cc(Br)c1O
545,83082,FC(F)OC(Cl)C(F)(F)F
546,83180,CC1(C)S[C@@H]2[C@H](NC(=O)COc3ccccc3)C(=O)N2[C@H]1C(=O)O
547,83437,O=c1[nH]c(=O)n([C@@H]2O[C@H](CO)[C@@H](O)[C@H]2O)cc1F
548,83544,CC(C)Cn1cnc2c(N)nc3ccccc3c21
549,83676,Nc1ncnc2c1ncn2[C@@H]1O[C@H](COP(=O)(O)O)[C@@H](O)[C@H]1O
550,83767,O=C(CO)CO
551,83774,CCCCNc1cc(C(=O)O)cc(S(N)(=O)=O)c1Oc1ccccc1
552,83805,CC(N)C(O)c1ccccc1
553,84060,O=C(N[C@H](CO)[C@H](O)c1ccc([N+](=O)[O-])cc1)C(Cl)Cl
554,84079,C[C@H](N)Cc1ccccc1
555,84103,CO/N=C(\C(=O)N[C@@H]1C(=O)N2C(C(=O)O)=C(COC(C)=O)CS[C@H]12)c1csc(N)n1
556,84196,CN[C@@H](C)[C@@H](O)c1ccccc1
557,84231,COc1ccc(C(=O)c2ccccc2)c(O)c1
558,84307,NCCCC(O)(P(=O)(O)O)P(=O)(O)O
559,84321,COc1ccc(C(CN(C)C)C2(O)CCCCC2)cc1
560,84397,CN(CC(=O)O)C(=N)N
561,84457,Cc1ccc(C(C)C)c(O)c1
562,84492,O=S(=O)(O)CCS
563,84681,Nc1c2c(nc3ccccc13)CCCC2
564,84767,O=C(O)CN(CCN(CC(=O)O)CC(=O)O)CCN(CC(=O)O)CC(=O)O
565,84854,CCCCOc1c(OCCCC)c(=O)c1=O
566,84875,C[C@]12CC[C@@H]3c4ccc(O)cc4CC[C@H]3[C@@H]1CC[C@@H]2O
567,84877,O=C(O)CCCc1ccc(N(CCCl)CCCl)cc1
568,84971,N[C@@H](CC(=O)N1CCn2c(nnc2C(F)(F)F)C1)Cc1cc(F)c(F)cc1F
569,85001,C[N+](C)(C)C[C@H](O)CC(=O)[O-]
570,85153,COc1c(N2C[C@H]3NCCC[C@H]3C2)c(F)cc2c(=O)c(C(=O)O)cn(C3CC3)c12
571,85157,CN(C)CCN1C(=O)c2cccc3cc(N)cc(c23)C1=O
572,85173,CCCCCN(C)CCC(O)(P(=O)(O)O)P(=O)(O)O
573,85183,O=C(O)c1cncc(F)c1
574,85275,CNCC[C@H](Oc1cccc2ccccc12)c1cccs1
575,85405,CC1=C(/C=C/C(C)=C/C=C/C(C)=C/CO)C(C)(C)CCC1
576,85410,O=c1c(-c2ccc(O)cc2)coc2cc(O)ccc12
577,85543,COc1c(N2CCNC(C)C2)c(F)cc2c(=O)c(C(=O)O)cn(C3CC3)c12
578,85550,NC(=O)NCCC[C@H](N)C(=O)O
579,85641,COc1c(C)c2c(c(O)c1C/C=C(\C)CCC(=O)O)C(=O)OC2
580,85773,CC1=NN(c2ccccc2)C(=O)C1
581,85816,Nc1ccn([C@H]2C[C@H](O)[C@@H](CO)O2)c(=O)n1
582,85839,O=C(O)CCCCCCCC(=O)O
583,86037,O=c1[nH]c(=O)n([C@H]2C[C@H](O)[C@@H](CO)O2)cc1F
584,86096,CCn1cc(C(=O)O)c(=O)c2cnc(N3CCNCC3)nc21
585,86196,Cn1c(CCCC(=O)O)nc2cc(N(CCCl)CCCl)ccc21
586,86230,c1ccc2[nH]c(-c3cscn3)nc2c1
587,86277,CC(=O)N[C@H]1[C@H](O)O[C@H](CO)[C@@H](O)[C@@H]1O
588,86285,NC(=O)c1cnccn1
589,86297,NC(=O)NO
590,86474,O=C1NC(=O)C(c2ccccc2)(c2ccccc2)N1
591,86476,C[N+](C)(C)CC(O)CC(=O)[O-]
592,86553,CN1C(=O)CN=C(c2ccccc2)c2cc(Cl)ccc21
593,86639,CCC[C@H](N[C@@H](C)C(=O)N1[C@H](C(=O)O)C[C@@H]2CCCC[C@@H]21)C(=O)OCC
594,86660,Fc1ccc([C@@H]2CCNC[C@H]2COc2ccc3c(c2)OCO3)cc1
595,86710,NC(=O)N1c2ccccc2CC(=O)c2ccccc21
596,86731,COc1cc(CO)ccc1O
597,86829,CCn1cc(C(=O)O)c(=O)c2cc(F)c(N3CCNCC3)cc21
598,86854,N[C@H](CC(=O)O)C(=O)O
599,86871,C=C[C@H]1CN2CC[C@H]1C[C@@H]2[C@@H](O)c1ccnc2ccc(OC)cc12
600,86873,CC(CC(c1ccccc1)c1ccccc1)NC(C)(C)C
601,86973,COc1ccc2c3c1O[C@H]1C(=O)CC[C@H]4[C@@H](C2)N(C)CC[C@]314
602,87024,CC(C(=O)O)c1ccc(-c2ccccc2)c(F)c1
603,87298,Cc1ccc(-c2cc(C(F)(F)F)nn2-c2ccc(S(N)(=O)=O)cc2)cc1
604,87353,CC(C)(C)c1cnc(CSc2cnc(NC(=O)C3CCNCC3)s2)o1
605,87477,C1=Cc2ccccc2NN=C1
606,87599,O=C(O)CC(O)C(=O)O
607,87764,NCCc1ccc(O)c(O)c1
608,87792,CN1CCCC1=O
609,87794,NC[C@@H]1CC[C@@H](C(=O)O)CC1
610,87836,CC(C)[C@H](N)C(=O)O
611,87867,Nc1ccc(C(=O)O)cc1
612,87905,OC(O)C(Cl)(Cl)Cl
613,87924,NCCc1c[nH]cn1
614,87966,O=C(O)/C=C/C(=O)O
615,87973,O
616,87981,NCCNCCNCCN
617,87995,N[C@@H](CS)C(=O)O
618,87997,C1CNCCN1
619,88041,CCCC(=O)O
620,88043,[H]C(Cl)(Cl)Cl
621,88060,CC(O)CO
622,88081,OCCO
623,88099,C=O
624,88113,Nc1ccc(C(=O)O)c(O)c1
625,88118,O=c1ccn([C@@H]2O[C@H](CO)[C@@H](O)[C@H]2O)c(=O)[nH]1
626,88211,c1cc[nH]c1
627,88232,N
628,88305,NC(CO)(CO)CO
629,88396,CC(C(=O)O)c1cccc(C(=O)c2ccccc2)c1
630,88422,CC
631,88435,CC(C)c1cccc(C(C)C)c1O
632,88445,COc1ccc2c3c1O[C@H]1C(=O)CC[C@@]4(O)[C@@H](C2)N(C)CC[C@]314
633,88459,Cc1cn[nH]c1
634,88468,Nc1ccc(O)c(C(=O)O)c1
635,88505,O=C1CCO1
636,88527,CCOC(N)=O
637,88529,Nc1ccncc1
638,88544,CNC[C@H](O)[C@@H](O)[C@H](O)[C@H](O)CO
639,88557,O=C(O)[C@@H](O)[C@H](O)C(=O)O
640,88567,NCCN
641,88572,CC(=O)O
642,88690,NCCS(=O)(=O)O
643,88708,O=C(O)C(O)c1ccccc1
644,88726,O=C(O)CCC(=O)O
645,88746,CCCCCCCC/C=C\CCCCCCCC(=O)O
646,88769,O=P(O)(O)O
647,88787,O=Cc1ccc(CO)o1
648,88815,N=C(N)NCCC[C@H](N)C(=O)O
649,88842,NC(=O)c1cccnc1
650,88851,N[C@@H](CCC(=O)O)C(=O)O
651,88852,CCOCC
652,88887,N[C@@H](Cc1ccc(O)cc1)C(=O)O
653,88974,O=C1CC[C@@H](C(=O)O)N1
654,88982,N[C@@H](CC(=O)O)C(=O)O
655,88993,O=C=O
656,89018,OCCOc1ccccc1
657,89042,N[C@@H](CO)C(=O)O
658,89064,CCC(=O)O
659,89070,O=C(O)CCCC[C@@H]1SC[C@@H]2NC(=O)N[C@@H]21
660,89076,CCCCC/C=C\C/C=C\CCCCCCCC(=O)O
661,89083,O=C(NC(Cc1cc(=O)[nH]c2ccccc12)C(=O)O)c1ccc(Cl)cc1
662,89089,COC(=O)/C=C/C(=O)O
663,89100,O=C1NS(=O)(=O)c2ccccc21
664,89105,CC(C)O
665,89204,C=C1CC[C@H]2[C@H](CN)[C@@H]([C@@]3(C)CC[C@H](O)C[C@@H]3CO)CC[C@]12C
666,89260,N[C@H](CO)C(=O)O
667,89295,NC12CC3CC(CC(C3)C1)C2
668,89302,CON
669,89369,CC(N)Cc1ccccc1
670,89381,Cn1c(=O)c2[nH]cnc2n(C)c1=O
671,89386,O=C(O)c1ccccc1
672,89418,Oc1cc(O)cc(O)c1
673,89419,ClC(Cl)Cl
674,89476,O=C(O)CO
675,89490,c1cncnc1
676,89499,Cc1cn([C@H]2C[C@H](O)[C@@H](CO)O2)c(=O)[nH]c1=O
677,89533,OC[C@H](O)[C@@H](O)[C@H](O)[C@H](O)CO
678,89549,N[C@@H](Cc1c[nH]c2ccccc12)C(=O)O
679,89567,OC[C@@H](O)[C@@H](O)[C@H](O)[C@H](O)CO
680,89680,OCC(O)CO
681,89707,NCCCC(=O)O
682,89718,Cc1ccc(S(N)(=O)=O)cc1
683,89731,CSCC[C@H](N)C(=O)O
684,89765,NCCCCN
685,89814,CC(=O)C(=O)O
686,89841,CC(O)C(=O)O
687,89858,CCCC
688,89866,C[C@@H](O)C(=O)O
689,89880,C1CCCCC1
690,89910,O=[N+]([O-])c1ccc(O)c([N+](=O)[O-])c1
691,89934,Cc1cc2nc3c(=O)[nH]c(=O)nc-3n(C[C@H](O)[C@H](O)[C@H](O)CO)c2cc1C
692,89962,N=C(N)NN
693,89984,N[C@@H](Cc1ccc(O)c(O)c1)C(=O)O
694,90025,O=C(O)c1cn(C2CC2)c2cc(N3CCNCC3)c(F)cc2c1=O
695,90033,O=C(O)CN(CCN(CC(=O)O)CC(=O)O)CC(=O)O
696,90081,NCC(=O)CCC(=O)O
697,90085,O=C(O)C(Cl)Cl
698,90094,O=C1CSC(=O)N1
699,90109,CCCCCCCCO
700,90122,Clc1cccc(N2CCNCC2)c1
701,90133,CC1CCC(C(C)C)C(O)C1
702,90135,CN(C)CCO
703,90150,Sc1ncnc2nc[nH]c12
704,90206,O=C(O)CC(O)(CC(=O)O)C(=O)O
705,90217,NCC1(CC(=O)O)CCCCC1
706,90286,C[C@@H](O)[C@H](N)C(=O)O
707,90297,NCCCCCC(=O)O
708,90305,CC(C)[C@@H]1CC[C@@H](C)C[C@H]1O
709,90320,O=C(O)CCCc1ccccc1
710,90335,NCCS
711,90357,O=C1O[C@H]([C@@H](O)CO)C(O)=C1O
712,90359,CC1(C)S[C@@H]2[C@H](NC(=O)[C@H](N)c3ccccc3)C(=O)N2[C@H]1C(=O)O
713,90376,NCCc1ccc(O)cc1
714,90377,Cc1occc(=O)c1O
715,90396,NCCCCC(=O)O
716,90442,CC[C@H](C)[C@H](N)C(=O)O
717,90466,C=C
718,90493,OO
719,90511,CC(C)Cc1ccc(C(C)C(=O)O)cc1
720,90523,C1N2CN3CN1CN(C2)C3
721,90528,O=NO
722,90540,N[C@@H](Cc1c[nH]cn1)C(=O)O
723,90553,CC(=O)Oc1ccccc1C(=O)O
724,90574,OCCNCCO
725,90597,CC(Cl)(Cl)Cl
726,90600,O=C(O)Cc1ccccc1Nc1c(Cl)cccc1Cl
727,90608,Cc1ncc(COP(=O)(O)O)c(C=O)c1O
728,90619,N[C@H]1C(O)O[C@H](CO)[C@@H](O)[C@@H]1O
729,90639,CCCCCCCC(=O)O
730,90640,Oc1ccccc1
731,90658,O=C(c1ccccc1)C(O)c1ccccc1
732,90680,O=C(O)[C@H](O)[C@@H](O)C(=O)O
733,90708,O=C(O)Cc1ccc(-c2ccccc2)cc1
734,90718,CC(=O)CCC(=O)O
735,90724,CCNCC
736,90730,NCC(=O)O
737,90740,Nc1ccc(S(N)(=O)=O)cc1
738,90766,CCCCCCCCCCCCCCCCO
739,90777,CC(C)C[C@H](N)C(=O)O
740,90800,CN(CCCl)CCCl
741,90838,CC(N)C(=O)O
742,90867,N[C@@H](Cc1ccccc1)C(=O)O
743,90897,NC(=O)CC[C@H](N)C(=O)O
744,91009,O=C(OOC(=O)c1ccccc1)c1ccccc1
745,91022,Oc1ccc(O)cc1
746,91036,COc1ccc2cc([C@H](C)C(=O)O)ccc2c1
747,91056,O=c1[nH]cc(F)c(=O)[nH]1
748,91075,c1ccc2ccccc2c1
749,91122,CCCl
750,91138,CCO
751,91157,CNCC(=O)O
752,91185,Nc1ccncc1N
753,91198,NCCCC[C@H](N)C(=O)O
754,91223,O=C(O)O
755,91234,CC(=O)N[C@@H](CS)C(=O)O
756,91253,OCCN(CCO)CCO
757,91457,NC(=O)N1c2ccccc2C=Cc2ccccc21
758,91531,CCCC[C@H](N)C(=O)O
759,91590,O=C(O)c1ccccc1Nc1ccccc1
760,91638,CCc1c2c(nc3ccc(O)cc13)-c1cc3c(c(=O)n1C2)COC(=O)[C@]3(O)CC
761,91673,O=C(O)CC(=O)C(=O)O
762,91923,CCOC(=O)N1CCC(=C2c3ccc(Cl)cc3CCc3cccnc32)CC1
763,91989,C[C@@H]1CCO[C@H]2Cn3cc(C(=O)NCc4ccc(F)cc4F)c(=O)c(O)c3C(=O)N21
764,92141,CCCCC[C@H](O)/C=C/[C@H]1[C@H](O)CC(=O)[C@@H]1C/C=C\CCCC(=O)O
765,92162,O=P1(NCCCl)OCCCN1CCCl
766,92357,CN(C)CCCC1(c2ccc(F)cc2)OCc2cc(C#N)ccc21
767,92396,OC[C@H]1O[C@@H](O)[C@H](O)[C@@H](O)[C@@H]1O[C@H]1O[C@H](CO)[C@@H](O)[C@H](O)[C@H]1O
768,92423,CC(C)(N)Cc1ccccc1
769,92426,CN1CC[C@]23c4c5ccc(O)c4O[C@H]2C(=O)CC[C@H]3[C@H]1C5
770,92511,OC[C@H]1O[C@@](CO)(O[C@H]2O[C@H](CO)[C@@H](O)[C@H](O)[C@H]2O)[C@@H](O)[C@@H]1O
771,92563,O=C(O)COCCN1CCN(C(c2ccccc2)c2ccc(Cl)cc2)CC1
772,92639,COc1cc(CNC(=O)CCCC/C=C/C(C)C)ccc1O
773,92830,CC1=C(C(=O)O)N2C(=O)[C@@H](NC(=O)[C@H](N)c3ccc(O)cc3)[C@H]2SC1
774,92841,C=C(C)[C@@H]1CCC(C)=C[C@H]1c1c(O)cc(CCCCC)c(C(=O)O)c1O
775,92871,CC(C)(Oc1ccc(C(=O)c2ccc(Cl)cc2)cc1)C(=O)O
776,93070,CN1C(C(=O)Nc2ccccn2)=C(O)c2ccccc2S1(=O)=O
777,93081,CCCCC/C=C\C/C=C\C/C=C\CCCCC(=O)O
778,93095,O=C(O)CCC(=O)c1ccc(-c2ccccc2)cc1
779,93182,C=C(CC)C(=O)c1ccc(OCC(=O)O)c(Cl)c1Cl
780,93343,O=C1CC(c2c[nH]c3ccc(F)cc23)C(=O)N1
781,93370,NS(=O)(=O)c1cc2c(cc1Cl)NCNS2(=O)=O
782,93402,OCc1ccc(Cl)cc1Cl
783,93467,CCCN(CCc1cccs1)[C@H]1CCc2c(O)cccc2C1
784,93659,COc1cc(Cc2cnc(N)nc2N)cc(OC)c1OC
785,93866,N[C@@H](CSCC(=O)O)C(=O)O
786,93940,C1COCN1
787,94015,COc1ccc2cccc(CCNC(C)=O)c2c1
788,94069,Nc1ccc(S(=O)(=O)c2ccc(N)cc2)cc1
789,94109,CNCCCN1c2ccccc2CCc2ccccc21
790,94169,CCc1cccc2c3c([nH]c12)C(CC)(CC(=O)O)OCC3
791,94173,Cc1nc2cccc(N)c2c(=O)n1C1CCC(=O)NC1=O
792,94337,NCCCCNCCCN
793,94344,CC1(C)[C@@H]2CC[C@@]1(C)C(=O)C2
794,94499,NCCC(=O)N[C@@H](Cc1c[nH]cn1)C(=O)O
795,94760,CC(C)(Oc1ccc(CCNC(=O)c2ccc(Cl)cc2)cc1)C(=O)O
796,94816,CNCC[C@@H](Oc1ccccc1C)c1ccccc1
797,94947,Cc1c(C)c2c(c(C)c1O)CCC(C)(C)O2
798,94960,CN1CCc2cccc3c2[C@H]1Cc1ccc(O)c(O)c1-3
799,95229,O=C(O)CCCN1CCC(O[C@@H](c2ccc(Cl)cc2)c2ccccn2)CC1
800,95639,COC(=O)C1=C(C)NC(C)=C(C(=O)OC)C1c1ccccc1[N+](=O)[O-]
801,95661,O=C1CCC(N2C(=O)c3ccccc3C2=O)C(=O)N1
802,95749,CN(C)CCC=C1c2ccccc2C=Cc2ccccc21
803,95944,CN[C@]1(c2ccccc2Cl)CCCCC1=O
804,96010,CNCCC(Oc1ccc(C(F)(F)F)cc1)c1ccccc1
805,96279,O=c1cccc2n1C[C@@H]1CNC[C@H]2C1
806,96559,Cc1ccc(C)c(OCCCC(C)(C)C(=O)O)c1
807,96598,COc1cc2nc(N(C)CCCNC(=O)C3CCCO3)nc(N)c2cc1OC
808,96719,COc1ccnc(C[S+]([O-])c2nc3cc(OC(F)F)ccc3[nH]2)c1OC
809,96842,O=C1Nc2ccc(Cl)cc2C(c2ccccc2Cl)=NC1O
810,96977,CCc1nc2c(N)nc3ccccc3c2n1CCCCNS(C)(=O)=O
811,96997,CC(C)(CO)[C@@H](O)C(=O)NCCCO
812,97028,O=C(O)CCCO
813,97036,CN1CC(=O)N2[C@H](Cc3c([nH]c4ccccc34)[C@H]2c2ccc3c(c2)OCO3)C1=O
814,97105,CC#Cc1cn([C@@H]2O[C@H](CO)[C@@H](O)[C@@H]2O)c(=O)[nH]c1=O
815,97453,C[C@H]1C[C@@H]2[C@H]([C@@H](O)C[C@@]3(C)[C@H]2CC[C@]3(O)C(=O)CO)[C@@]2(C)C=CC(=O)C=C12
816,97516,CN1CC2c3ccccc3Oc3ccc(Cl)cc3C2C1
817,97587,Cc1cc(C2CCCCC2)n(O)c(=O)c1
818,97700,CC(=O)[C@H]1CC[C@H]2[C@@H]3CC[C@H]4C[C@H](O)CC[C@]4(C)[C@H]3CC[C@]12C
819,97927,COc1cc2nc(N3CCN(C(=O)C4CCCO4)CC3)nc(N)c2cc1OC
820,98072,Cc1nnc2n1-c1ccc(Cl)cc1C(c1ccccc1)=NC2
821,98182,Nc1ccc(S(=O)(=O)Nc2ncccn2)cc1
822,98474,Oc1cc(O)c2c(c1)O[C@H](c1ccc(O)c(O)c1)[C@@H](O)C2
823,98521,CN1CCN(C(=O)OC2c3nccnc3C(=O)N2c2ccc(Cl)cn2)CC1
824,98554,O=C1c2cccc(O)c2C(=O)c2c(O)cccc21
825,98734,COc1nc(N)nc2c1ncn2[C@@H]1O[C@H](CO)[C@@H](O)[C@@H]1O
826,98947,CC(C)[C@H](N)C(=O)OCCOCn1cnc2c(=O)nc(N)[nH]c21
827,98968,NC(N)=Nc1nc(CSCC/C(N)=N/S(N)(=O)=O)cs1
828,99189,Oc1cc(O)c2c(c1)O[C@@H](c1ccc(O)c(O)c1)[C@@H](O)C2
829,99285,CC(=O)CC(c1ccccc1)c1c(O)c2ccccc2oc1=O
830,99438,N=C(N)NC(=O)Cc1c(Cl)cccc1Cl
831,99517,C[C@]12CC[C@H](O)CC1=CC[C@H]1[C@@H]3CC=C(c4cccnc4)[C@@]3(C)CC[C@@H]12
832,99563,O=C(NC1CCNCC1)c1n[nH]cc1NC(=O)c1c(Cl)cccc1Cl
833,99674,CCCc1cc(C(N)=S)ccn1
834,99870,COc1cc(NCc2ccc3nc(N)nc(N)c3c2C)cc(OC)c1OC
835,99894,NC(=O)N1c2ccccc2CC(O)c2ccccc21
836,99907,Cc1ncc(CO)c(CN)c1O
837,99909,O=c1cc(-c2ccccc2)oc2ccccc12
838,100177,Cc1ccc(C(=O)c2ccc(CC(=O)O)n2C)cc1
839,100290,FC(F)(F)C(F)(F)C(F)(F)C(F)(F)C(F)(F)C(F)(F)F
840,100445,Fc1ccc(-c2ccc3c(c2)[nH]c2ccncc23)cn1
841,100891,Cc1[nH]cnc1CN1CCc2c(c3ccccc3n2C)C1=O
842,100963,Clc1ccc2c(c1)C(N1CCNCC1)=Nc1ccccc1O2
843,101005,Nc1ncn([C@H]2C[C@H](O)[C@@H](CO)O2)c(=O)n1
844,101202,Clc1ccc(-c2nn(Cc3ccccc3)c3c2CCNCC3)cc1
845,101265,Nc1nc(N)c2nc(CNc3ccc(C(=O)N[C@@H](CCC(=O)O)C(=O)O)cc3)cnc2n1
846,101384,O=c1[nH]c(=O)n([C@H]2C[C@H](O)[C@@H](CO)O2)cc1Br
847,102092,Nc1nc(OCc2ccccc2)c2nc[nH]c2n1
848,102203,Nc1cc(C(F)(F)F)c(-c2cc(N3CCOCC3)nc(N3CCOCC3)n2)cn1
849,102248,CCc1nc(N)nc(N)c1-c1ccc(Cl)cc1
850,102430,CC(=O)NC[C@H]1CN(c2ccc(N3CCOCC3)c(F)c2)C(=O)O1
851,102627,CCNC(=O)CC[C@H](N)C(=O)O
852,102662,C[C@]12C=CC(=O)C=C1[C@@H](F)C[C@H]1[C@@H]3C[C@@H](O)[C@](O)(C(=O)CO)[C@@]3(C)C[C@H](O)[C@@]12F
853,102949,CO/N=C(\C(=O)N[C@@H]1C(=O)N2C(C(=O)O)=C(COC(N)=O)CS[C@H]12)c1ccco1
854,102956,C=C1CC[C@@]2(O)[C@H]3Cc4ccc(O)c5c4[C@@]2(CCN3CC2CC2)[C@H]1O5
855,102970,C[C@]12CC[C@H](O)CC1=CC[C@@H]1[C@@H]2CC[C@]2(C)C(c3cccnc3)=CC[C@@H]12
856,102985,CCCOC(=O)c1cc(O)c(O)c(O)c1
857,103077,O=C(O)COc1ccc(C(=O)c2cccs2)c(Cl)c1Cl
858,103282,O[C@H]1CO[C@@H]2[C@H](O)CO[C@H]12
859,103307,N[C@@H]1CONC1=O
860,103352,O=C(c1ccc(F)cc1)C1CCN(CCn2c(=O)[nH]c3ccccc3c2=O)CC1
861,103599,CC(C)(C)C(=O)NCCCC(=O)O
862,103677,Clc1ccc(C(c2ccc(Cl)cc2)C(Cl)(Cl)Cl)cc1
863,104231,Cc1ccc(C23CNCC2C3)cc1
864,104304,c1ccc(CC2=NCCN2)cc1
865,104537,COc1ccc(C(=O)N2CCN(c3ccc4c(c3)CCC(=O)N4)CC2)cc1OC
866,104832,CC(=O)c1cc2c(o1)C(=O)c1ccccc1C2=O
867,104878,CC(C)Nc1cc(-c2c[nH]c(C(=O)N[C@H](CO)c3cccc(Cl)c3)c2)c(Cl)cn1
868,105113,C[C@]12C[C@H](O)[C@H]3[C@@H](CCC4=CC(=O)CC[C@@]43C)[C@@H]1CC[C@]2(O)C(=O)CO
869,105204,CC(=O)Oc1cc2c(s1)CCN(C(C(=O)C1CC1)c1ccccc1F)C2
870,105414,OCc1c[nH]c2ccccc12
871,105516,CC(=O)OCC1=C(C(=O)O)N2C(=O)[C@@H](NC(=O)[C@H](N)c3ccccc3)[C@H]2SC1
872,105902,CC(C)CC(N(C)C)C1(c2ccc(Cl)cc2)CCC1
873,105927,CN/C(=N\CCSCc1nc[nH]c1C)NC#N
874,106555,CCn1nc(C(=O)O)c(=O)c2cc3c(cc21)OCO3
875,106608,Nc1ncc2ncn(CC3(OCP(=O)(O)O)CC3)c2n1
876,106656,CCCN1CCCC[C@H]1C(=O)Nc1c(C)cccc1C
877,106699,CC[C@@]1(O)C(=O)OCc2c1cc1n(c2=O)Cc2cc3c([N+](=O)[O-])cccc3nc2-1
878,106732,OC[C@H]1O[C@H](O)[C@H](O)[C@@H](O)[C@H]1O
879,107143,CN1C(=O)CC[C@H]1c1cccnc1
880,107294,[H]C([H])(O)C([H])([H])NC([H])([H])C([H])([H])O
881,107617,CCC(NC(C)C)C(O)c1ccc(O)c2[nH]c(=O)ccc12
882,107723,CCN(CC)C(=O)C1(c2ccccc2)CC1CN
883,107773,Cc1cc(C)nc(NS(=O)(=O)c2ccc(N)cc2)n1
884,107948,Cc1ncc2c(c1O)COC2c1ccc(Cl)cc1
885,108804,CC1=C[C@]23C(=O)[C@@H](C=C(CO)[C@@H](O)[C@]2(O)[C@H]1O)[C@H]1[C@@H](C[C@H]3C)C1(C)C
886,108983,COCCCC/C(=N\OCCN)c1ccc(C(F)(F)F)cc1
887,109002,CC[C@@H]1C(=O)OC[C@@H]1Cc1cncn1C
888,109171,[H]c1cc2c(cc1OC[C@@H]1CNCC[C@H]1c1ccc(F)cc1)OCO2
889,109205,CC(C(=O)O)c1ccc(C(=O)c2cccs2)cc1
890,109316,CN(C)CCC[C@@]1(c2ccc(F)cc2)OCc2cc(C#N)ccc21
891,109777,C[C@]12CCC(=O)C[C@@H]1CC[C@@H]1[C@@H]2CC[C@]2(C)[C@@H](O)CC[C@@H]12
892,110009,O=S(=O)(c1ccccc1)c1cnc2c(N3CCNCC3)cccc2c1
893,110049,CCOCc1nc2c(N)nc3ccccc3c2n1CC(C)(C)O
894,110233,Cc1nnc(NS(=O)(=O)c2ccc(N)cc2)s1
895,110445,N#Cc1ccccc1-c1cc(-c2ccccn2)cn(-c2ccccc2)c1=O
896,110694,O=C1Nc2ccccc2/C1=C1/Nc2ccccc2C1=O
897,110815,OC1OC[C@@H](O)[C@H](O)[C@H]1O
898,111520,N#C[C@@H]1CCCN1C(=O)CNC12CC3CC(CC(O)(C3)C1)C2
899,111743,Cc1cc(CCCOc2c(C)cc(-c3noc(C(F)(F)F)n3)cc2C)on1
900,111933,Cc1ccc(Cl)c(Nc2ccccc2C(=O)O)c1Cl
901,112077,Nc1cc(-c2ccncc2)c[nH]c1=O
902,112128,C[C@H](C(=O)O)c1cccc(C(=O)c2ccccc2)c1
903,112141,CCN(CC)C(=O)c1cccnc1
904,112301,N[C@@H](Cc1ccccn1)c1ccccc1
905,112649,CCCCCCc1ccc(O)cc1O
906,112994,O=C(N[C@@H]1C2CCN(CC2)[C@H]1Cc1cccnc1)c1cc2ccccc2o1
907,113173,FC(F)(F)C(F)(F)C(F)(F)C(F)(F)F
908,113794,OC[C@H]1O[C@](O)(CO)[C@@H](O)[C@@H]1O[C@@H]1O[C@H](CO)[C@H](O)[C@H](O)[C@H]1O
909,113902,Clc1ccccc1CN1CCc2sccc2C1
910,113972,C[C@]1(Cn2ccnn2)[C@H](C(=O)O)N2C(=O)C[C@H]2S1(=O)=O
911,114149,O=[N+]([O-])O[C@@H]1CO[C@@H]2[C@@H](O)CO[C@@H]21
912,114184,CC1(C)CC(C)(C)CC(C)(N)C1
913,114293,Nc1ccc(S(=O)(=O)NC(=O)c2ccccc2)cc1
914,114843,CCC(=O)C(CC(C)N(C)C)(c1ccccc1)c1ccccc1
915,115099,[H]OCC
916,115618,NCC(CC(=O)O)c1ccc(Cl)cc1
917,116069,Cc1cn([C@H]2C[C@H](F)[C@@H](CO)O2)c(=O)[nH]c1=O
918,116353,CC(C)(C)NCC(O)c1cc(Cl)c(N)c(Cl)c1
919,116885,Sc1ncnc2[nH]ncc12
920,117025,CN1[C@H]2CC[C@@H]1C[C@H](OC(=O)C(CO)c1ccccc1)C2
921,117043,C[C@](N)(Cc1ccc(O)cc1)C(=O)O
922,117131,Cn1nnc(-c2ccc(-c3ccc(N4C[C@H](CO)OC4=O)cc3F)cn2)n1
923,117134,COc1cc(NS(C)(=O)=O)ccc1Nc1c2ccccc2nc2ccccc12
924,117330,OC[C@H]1OC(O)[C@@H](O)[C@@H](O)[C@@H]1O
925,117332,O=C1CN=C(c2ccccc2Cl)c2cc([N+](=O)[O-])ccc2N1
926,117610,NCCc1cc[nH]n1
927,118444,Cc1ccccc1-n1c(C)nc2ccccc2c1=O
928,119031,COc1ccc(C(=O)c2ccc(C)cc2)c(O)c1
929,119822,CC1=C(CC(=O)O)c2cc(F)ccc2/C1=C\c1ccc([S+](C)[O-])cc1
930,119964,N=C(NOCC(O)CN1CCCCC1)c1cccnc1
931,120335,CNC(=O)c1cc(Oc2ccc(NC(=O)Nc3ccc(Cl)c(C(F)(F)F)c3)c(F)c2)ccn1
932,120727,O=C1Nc2ccc(Cl)cc2C(c2ccccc2)=NC1O
933,120856,CS(=O)(=O)Nc1ccc([N+](=O)[O-])cc1Oc1ccccc1
934,120963,CC(C)=CC1C(C(=O)OCc2cccc(Oc3ccccc3)c2)C1(C)C
935,121265,CS(=O)(=O)c1ccc(C2=C(c3ccccc3)C(=O)OC2)cc1
936,121329,CCCCNC(=O)OCC#CI
937,121357,CN(C)CCc1c[nH]c2ccc(CS(=O)(=O)N3CCCC3)cc12
938,121370,CC(C)n1nccc1-c1ncccc1COc1cccc(O)c1C=O
939,121524,[H]C(N)C([H])c1c[nH]c2ccc(O)cc12
940,121657,Cc1ccc2c(c1)c1c(n2CCc2ccc(C)nc2)CCN(C)C1
941,122116,[H]C([H])([H])OC(=O)/C=C/C(=O)O
942,122226,Cc1c(OCC(F)(F)F)ccnc1C[S+]([O-])c1nc2ccccc2[nH]1
943,122254,Cc1cn([C@@H]2O[C@H](CO)[C@@H](O)[C@@H]2F)c(=O)[nH]c1=O
944,122296,CC(N)Cc1ccc2c(c1)OCO2
945,122513,Nc1nc(=O)n([C@@H]2CS[C@H](CO)O2)cc1F
946,122866,Nc1cc(S(=O)(=O)c2ccc(OC(F)(F)F)cc2)cnc1-c1nnc(CO)o1
947,123154,Oc1ccc(C2CNCCc3c2cc(O)c(O)c3Cl)cc1
948,123541,Cc1cc(SCc2sc(-c3ccc(C(F)(F)F)cc3)nc2C)ccc1OCC(=O)O
949,123883,Oc1ccc2c(c1)[C@@]13CCCC[C@@]1(O)[C@@H](C2)N(CC1CCC1)CC3
950,124065,N#Cc1ccc(C(c2ccc(C#N)cc2)n2cncn2)cc1
951,124360,FC(F)(F)C(F)(F)C(F)(F)C(F)(F)C(F)(F)F
952,124538,CNCc1cn(S(=O)(=O)c2cccc(F)c2)c(-c2ccc(F)cc2F)c1OC
953,124654,Cc1onc(-c2ccccc2)c1-c1ccc(S(N)(=O)=O)cc1
954,124704,C[C@]12CCC(=O)C=C1C=C[C@@H]1[C@@H]2CC[C@@]2(C)[C@H]1CC[C@@]21CCC(=O)O1
955,124937,CN(C)C[C@@H]1CCCC[C@H]1c1cccc(O)c1
956,125039,C=CC(=O)Nc1cccc(Nc2nc(Nc3ccc(OCCOC)cc3)ncc2F)c1
957,125412,CC(C)C(=O)c1c(C(C)C)nn2ccccc12
958,125413,Cc1ccsc1/C(=C\CCN1CCC[C@@H](C(=O)O)C1)c1sccc1C
959,125656,CCOC(=O)Nc1ccc(NCc2ccc(F)cc2)nc1N
960,125709,FCOC(C(F)(F)F)C(F)(F)F
961,125812,O=C1[C@H](CC[C@H](O)c2ccc(F)cc2)[C@@H](c2ccc(O)cc2)N1c1ccc(F)cc1
962,126471,CCOC(=O)c1ccc(C#Cc2ccc3c(c2)C(C)(C)CCS3)nc1
963,126476,CN(C)CCCOc1nn(Cc2ccccc2)c2ccccc12
964,126705,O=C(/C=C/c1ccc(O)c(O)c1)O[C@@H]1C[C@](O)(C(=O)O)C[C@@H](O)[C@H]1O
965,126735,O=C(NCC1CCCCN1)c1cc(OCC(F)(F)F)ccc1OCC(F)(F)F
966,126744,O[C@H]1[C@H](O)[C@@H](O)[C@H](O)[C@@H](O)[C@H]1O
967,126952,C[C@H](C(=O)O)c1ccc(-c2ccccc2)c(F)c1
968,127121,NC(=O)c1cn(Cc2c(F)cccc2F)nn1
969,127303,C[C@@]12OC(=O)[C@]1([C@@H](O)[C@@H]1C=CCCC1)NC(=O)[C@@H]2CCCl
970,128034,Nc1c(CC(=O)O)cccc1C(=O)c1ccc(Br)cc1
971,128083,O=C(CCCCCCC(=O)Nc1ccccc1)NO
972,128545,CC(C)[C@]12O[C@H]1[C@@H]1O[C@@]13[C@@]1(C)CCC4=C(COC4=O)[C@@H]1C[C@@H]1O[C@@]13[C@@H]2O
973,128613,OC[C@@H](O)[C@@H](O)[C@H](O)[C@@H](O)CO
974,128680,Cc1ccc(NC(=O)C2(c3ccc4c(c3)OC(F)(F)O4)CC2)nc1-c1cccc(C(=O)O)c1
975,128870,O=S(=O)(O)CCSSCCS(=O)(=O)O
976,128905,CCCCCC[C@@H](CCC)C(=O)O
977,129780,NC(=O)NC1NC(=O)NC1=O
978,130783,C#C[C@]1(O)CC[C@H]2[C@@H]3CCc4cc(O)ccc4[C@H]3CC[C@@]21C
979,131196,CC(C)CCC(=O)CC1c2ccccc2C(=O)N1c1ccc2ccc(Cl)nc2n1
980,131259,COc1ccc(/C=C/C(=O)Nc2ccccc2C(=O)O)cc1OC
981,131287,COc1ccc2c3c1O[C@H]1[C@@H](O)C=C[C@H]4[C@@H](C2)N(C)CC[C@@]341
982,131343,O=C1CN=C(c2ccccc2)c2cc([N+](=O)[O-])ccc2N1
983,131602,S=P(N1CC1)(N1CC1)N1CC1
984,131792,CC[C@@]1(O)C(=O)OCc2c1cc1n(c2=O)Cc2cc3c(CN(C)C)c(O)ccc3nc2-1
985,132003,Nc1ncnc2c1C(=O)N(c1ccc([C@@H]3CC[C@@H](CC(=O)O)CC3)cc1)CCO2
986,132223,Cc1[nH]c2ccccc2c1CCNCc1ccc(/C=C/C(=O)NO)cc1
987,132417,Oc1ccc2c3c1O[C@H]1[C@@H](O)CC[C@@]4(O)[C@@H](C2)N(CC2CCC2)CC[C@]314
988,133022,Cn1cnc2c(F)c(Nc3ccc(Br)cc3Cl)c(C(=O)NOCCO)cc21
989,133175,CC[C@]12CCCN3CCc4c(n(c5ccccc45)[C@@](O)(C(=O)OC)C1)[C@@H]32
990,134887,C[C@H](N)C(=O)N1C[C@H](CCCB(O)O)[C@](N)(C(=O)O)C1
991,134901,CC(C)[C@H](N)C(=O)N1CCC[C@H]1B(O)O
992,135829,CC(C)C[C@H](NC(=O)[C@H](Cc1ccccc1)NC(=O)c1cnccn1)B(O)O
993,136141,OB(O)O
